"ID"	"count"	"corrected_entry"
"136ekstra"	"   1"	"136Ekstra"
"16s Amplikons"	"  96"	"16S Amplicon"
"16S rRNA amplicon sequencing from various sample types"	"   7"	"16S rRNA Amplicon-sequencing from various sample types"
"16S rRNA amplicon tests"	" 245"	"16S rRNA Amplicon-tests"
"ABL DeepChek"	"  12"	"ABL-DeepChek"
"ABL_DeepChek_evaluation"	" 177"	"ABL-DeepChek-evaluation"
"Acinetobacter lwoffii F78"	"   3"	"Acinetobacter lwoffii-F78"
"AfricanIsolates-DZIF"	" 479"	"DZIF-African isolates"
"Ägypten"	"  49"	"Egypt"
"Alere-M.szulgai"	"   1"	"Mycobacterium szulgai-Alere"
"Alere, M. kansasii"	"   1"	"Mycobacterium kansasii-Alere"
"Alexandra Dangel"	"   3"	"Alexandra Dangel"
"Almaty"	" 138"	"Almaty"
"Amplicon"	" 391"	"Amplicon"
"Amplicon Gauting"	"  30"	"Amplicon Gauting"
"AmpliSeq"	"  17"	"AmpliSeq"
"AmpliSeq test"	"  18"	"AmpliSeq-test"
"AmpliSeq-Gerbion"	"  42"	"AmpliSeq-Gerbion"
"angepasste Tagmentierung"	"   3"	"Angepasste Tagmentierung"
"animal_strains_Paris"	"  28"	"Animal strains-Paris"
"Antwerpen"	"  77"	"Antwerp"
"Argentina"	"  23"	"Argentina"
"Armenien"	"  55"	"Armenia"
"Aserbaidschan"	" 248"	"Azerbaijan"
"aufg_DNA_Belgrade"	"   4"	"AUFG-DNA-Belgrade"
"Auftag NRZ"	"   2"	"Order NRZ"
"Auftrag"	"   5"	"Order NRZ"
"Auftrag NRZ"	"   4"	"Order NRZ"
"Auftrag-klinik"	"   1"	"Order Clinic"
"Auftrag-Klinik"	"  80"	"Order Clinic"
"Auftrag-NGS"	"   5"	"Order NRZ"
"Auftrag-NRZ"	" 264"	"Order NRZ"
"Aufträge"	"   5"	"Order NRZ"
"Azerbaijan"	" 446"	"Azerbaijan"
"Baden-Württemberg"	"  10"	"Baden-Württemberg"
"Baden-Wüttemberg"	"   6"	"Baden-Württemberg"
"Baku WHO DNA"	"  29"	"Baku-WHO DNA"
"Baku WHO Lysate"	" 750"	"Baku-WHO Lysate"
"BALFs clinic"	"  91"	"BALFS clinic"
"Barbara Hammer"	"   2"	"Barbara Hammer"
"Basel-M. basiliense"	"   2"	"Mycobacterium basiliense-Basel"
"Baym2015"	"   6"	"Baym-2015"
"BDQ Mut"	"  33"	"BDQ-MUTS"
"Beijing"	"  15"	"Beijing"
"Belgrade"	"   2"	"Belgrade"
"Belgrade, Lysate"	"   4"	"Belgrade-Lysate"
"Borstel MDR (Lysates/Glycerol)"	"  12"	"Borstel-MDR (Lysate-Glycerol)"
"Borstel Patient"	"   2"	"Borstel-Patient"
"Borstel_NGSdiag"	"  19"	"Borstel-NGS-Diag"
"Botswana"	"   7"	"Botswana"
"Botswana Genoscreen"	"2066"	"Botswana-GenoScreen"
"Bruker Studie/NRZ"	"   8"	"NRZ-Bruker Study"
"Bukina Faso"	"  12"	"Burkina Faso"
"Bukina-Faso-bovis"	"  39"	"Mycobacterium bovis-Burkina Faso"
"BW"	"  30"	"Bundeswehr"
"C. difficile"	"  32"	"Clostridium difficile"
"Cameroon_9m"	" 271"	"Cameroon-9M"
"CAP Selektionsklone"	"  35"	"CAP Selektionsklon"
"Carine_del_mutant"	"   3"	"Carine del-MUTS"
"Carolin Golin"	"   2"	"Carolin Golin"
"CD3"	"   7"	"CD3"
"CD3/Deeplex"	"   3"	"Deeplex-CD3"
"cealand-training"	"  17"	"Cealand-training"
"Celero EZ NuQuant half reactions"	" 192"	"Celero EZ NuQuant half reactions"
"CF - S.maltophilia"	" 459"	"Stenotrophomonas maltophilia-CF"
"childhood TB"	" 171"	"Childhood TB"
"Chimaera"	"   1"	"Mycobacterium chimaera"
"Chimaera PacBio"	"   1"	"Mycobacterium chimaera-PacBio"
"Chlamydia"	"   8"	"Chlamydia"
"Chlamydia pneumoniae Kensuke"	"   7"	"Chlamydia pneumoniae-Kensuke Shima"
"Christian Benz"	"  14"	"Christian Benz"
"Chronically infected women"	"   6"	"Chronically infected women"
"Clos.diff."	"  26"	"Clostridium difficile"
"Cobas MTB EEP-Studie  Darsha"	"   1"	"Mycobacterium tuberculosis-COBAS EEP Study-Darsha "
"Columbia-Hurtado"	" 149"	"Colombia-Hurtado"
"COV19"	"  62"	"SARS-CoV-2"
"COV19_Kiel"	" 148"	"SARS-CoV-2-Kiel"
"Covid-19"	"2802"	"SARS-CoV-2"
"Croatia"	"   1"	"Croatia"
"Crono Clone"	" 271"	"Crono Clone"
"CronoClone"	"  23"	"Crono Clone"
"Cryptik"	"2843"	"CRyPTIC"
"Cupriavidus metallidurans"	"  48"	"Cupriavidus metallidurans"
"CUT-TB Lesotho"	" 185"	"CUT-TB Lesotho"
"CUT-TB South Africa"	"  53"	"CUT-TB South Africa"
"CUT-TB Tanzania"	"  52"	"CUT-TB Tanzania"
"cycloserine in vitro mutants"	"  12"	"Cycloserine in vitro-MUTS"
"CZ0813_Haemophilus"	"   2"	"Haemophilus-CZ0813"
"Dag"	"   4"	"DAG"
"Dag Harmsen"	"  14"	"DAG-Harmsen"
"Deeplex"	" 507"	"Deeplex"
"Deeplex -Auftrag Klinik"	"   7"	"Deeplex-Order Clinic"
"Deeplex LOD"	" 112"	"Deeplex-LOD"
"Deeplex-Auftrag"	"   1"	"Deeplex-Order NRZ"
"Deeplex-Baym test"	"   6"	"Deeplex-Baym test"
"Deeplex-Baym Test"	"   7"	"Deeplex-Baym test"
"Deeplex-CORVOS-training"	"  24"	"Deeplex-CORVOS-training"
"Deeplex-Hain-Test"	"   6"	"Deeplex-Hain-test"
"Deeplex-training"	"  19"	"Deeplex-training"
"Deeplex/Amplicon"	"  81"	"Deeplex-Amplicon"
"Delamanid"	" 157"	"Delamanid"
"Deustchland"	"   7"	"Germany"
"Deutschland"	"8521"	"Germany"
"Dick van Soolingen"	"   2"	"Dick Van Soolingen"
"DLM Resistenz"	"   4"	"DLM resistance"
"DLM,CFZ,BDQ,LZD resistance marker"	"   6"	"DLM-CFZ-BDQ-LZD resistance marker"
"DNA"	"  47"	"DNA"
"DNA extraction NGS compatible?"	"   4"	"DNA extraction NGS compatible?"
"DNAzyme"	"   3"	"DNAzyme"
"DZIF"	"  21"	"DZIF"
"DZIF-MUT"	"   5"	"DZIF-MUTS"
"E. Coli"	"   3"	"Escherichia coli"
"E.coli"	"   4"	"Escherichia coli"
"E.Coli"	"   2"	"Escherichia coli"
"EastGreenland"	"  78"	"East Greenland"
"Ecaterina_PhD"	"  39"	"Ecaterina-PhD"
"Elefant"	"   1"	"Elephant"
"EMB RIF TP2 1"	"   1"	"EMB RIF TP2 1"
"EMB RIF TP2 2"	"   1"	"EMB RIF TP2 2"
"EMB RIF TP2 3"	"   1"	"EMB RIF TP2 3"
"EMB RIF TP2 4"	"   1"	"EMB RIF TP2 4"
"EMB RIF TP2 5"	"   1"	"EMB RIF TP2 5"
"EMB RIF TP3 1"	"   1"	"EMB RIF TP3 1"
"EMB RIF TP3 2"	"   1"	"EMB RIF TP3 2"
"EMB RIF TP3 3"	"   1"	"EMB RIF TP3 3"
"EMB RIF TP3 4"	"   1"	"EMB RIF TP3 4"
"EMB RIF TP3 5"	"   1"	"EMB RIF TP3 5"
"EMB TP1 1"	"   1"	"EMB TP1 1"
"EMB TP1 2"	"   1"	"EMB TP1 2"
"EMB TP1 3"	"   1"	"EMB TP1 3"
"EMB TP1 4"	"   1"	"EMB TP1 4"
"EMB TP1 5"	"   1"	"EMB TP1 5"
"ERA4TB"	" 256"	"ERA4TB"
"ERANET-LAC"	" 184"	"ERANET-LAC"
"Erase TB"	" 238"	"Erase-TB"
"ERASE-TB"	" 653"	"Erase-TB"
"Estonia"	"  22"	"Estonia"
"Eswatini_ITG"	" 136"	"Eswatini-ITG"
"Ethiopia_Jimma"	"   8"	"Ethiopia-JIMMA"
"EUSeqMyTB"	"  11"	"EUSeqMyTB"
"EUSeqMyTB Czechia"	"  32"	"EUSeqMyTB Czechia"
"EUSeqMyTB Rumania"	" 142"	"EUSeqMyTB Romania"
"EUSeqMyTB Rumania Bucharest"	" 608"	"EUSeqMyTB Romania Bucharest"
"EUSeqMyTB Rumania Cluj"	"  96"	"EUSeqMyTB Romania CLUJ"
"external order"	"   3"	"External order"
"FEND-TB"	"  15"	"FEND-TB"
"Find"	"  90"	"FIND"
"FIND"	" 952"	"FIND"
"FIND - Peru"	"  15"	"FIND-Peru"
"FIND - Vietnam"	"  88"	"FIND-Vietnam"
"FIND_Denver"	"  39"	"FIND-Denver"
"FIND-Georgien"	"  59"	"FIND-Georgia"
"FIND-Moldawien"	"  62"	"FIND-Moldova"
"FIND-Vietnam"	"  13"	"FIND-Vietnam"
"FLI"	"   3"	"FLI"
"Fluctuation"	"   1"	"Fluctuation"
"Fluctuation_isolate_seq"	"  40"	"Fluctuation-Isolate-seq"
"Fluctuation_pop_seq"	"  29"	"Fluctuation-Pop-seq"
"Frankfurt"	" 907"	"Frankfurt"
"Freiburg"	"   1"	"Freiburg"
"für NGS (Sven)"	"   2"	"FÜR NGS (SVEN)"
"GA Kreis Lohe NGS"	"   2"	"GA Kreis Lohe NGS"
"Gambia childhood TB"	" 204"	"Gambia-Childhood TB"
"Gauting"	"   5"	"Gauting"
"Gerbion"	"  24"	"Gerbion"
"Ghana"	" 539"	"Ghana"
"Glennah"	" 233"	"Glennah"
"Greenland"	"  43"	"Greenland"
"H37-Kontrolle"	" 432"	"H37-Control"
"H37Rv"	"   8"	"H37Rv"
"H37Rv Doreen 2010"	"   3"	"H37Rv-Doreen 2010"
"H37Rv-Borstel"	"  30"	"H37Rv-Borstel"
"Haemo-Lub-Resistome"	" 263"	"Haemo-Lub-Resistome"
"Haemo-Wur-Resistome"	" 201"	"Haemo-Wur-Resistome"
"Haemophilus_Serbia"	"  10"	"Haemophilus-Serbia"
"Haemophilus-Resistome"	"  98"	"Haemophilus-Resistome"
"Hamburg"	"1779"	"Hamburg"
"Hamburg EAI"	"   1"	"Hamburg EAI"
"Hamburg/ Baden-Würtemberg"	"   7"	"Hamburg-Baden-Württemberg"
"Hamburg/Auftrag-NRZ"	"   1"	"Hamburg"
"Hamilton"	" 226"	"Hamilton"
"Hamilton Automatic Extractor"	"   4"	"Hamilton Automatic Extractor"
"HAN2000"	"   1"	"HAN2000"
"HAN2006"	"   1"	"HAN2006"
"HAN2012"	"   4"	"HAN2012"
"HAN2013"	"   1"	"HAN2013"
"Hannover"	" 856"	"Hannover"
"Hannover/ Auftrag-Klinik"	"   1"	"Hannover"
"Harald Hoffmann"	"   1"	"Harald Hoffmann"
"Heilbronn Gesundheitsamt"	"   5"	"Heilbronn Gesundheitsamt"
"Herzklappe"	"   3"	"Herzklappe"
"Heteroresistance"	"   4"	"Heteroresistance"
"HH"	" 110"	"Haemophilus haemolyticus"
"Homburg"	"   4"	"Hamburg"
"HYS_Resist check"	"   1"	"HYS-Resist check"
"imoser-bovis"	"  23"	"Mycobacterium bovis-IMOSER"
"imoser-microti"	"  22"	"Mycobacterium microti-IMOSER"
"Influenza"	" 274"	"Influenza"
"internal"	"   2"	"Internal"
"Internal"	"  43"	"Internal"
"Irak"	"   3"	"Iraq"
"Irak_Issam"	"  35"	"Iraq-ISSAM"
"Iran-MDR"	"  39"	"Iran-MDR"
"Irmgard Moser-FLI"	"  34"	"Irmgard Moser-FLI"
"Italien"	"   5"	"Italy"
"Italien_M.avium"	"  46"	"Mycobacterium avium-Italy"
"ITM_reference_collection"	" 225"	"ITM-Reference collection"
"ITS amplicon tests"	"  29"	"ITS-Amplicon tests"
"Jörg Steinmann- S. hominis"	"  32"	"Staphylococcus hominis-Jörg Steinmann"
"Kasachstan-Arike"	"  61"	"Kazakhstan-Arike"
"Kasachstan2013"	"  18"	"Kazakhstan 2013"
"Katharina Kranzer"	"   2"	"Katharina Kranzer"
"Kenia_Glennah"	"   2"	"Kenya-Glennah"
"Kenia_Perpetual"	"  13"	"Kenya-perpetual"
"Kensuke Shima- C. trachomatis"	"   4"	"Chlamydia trachomatis-Kensuke Shima"
"Kensuke Shima-C. trachomatis"	"  32"	"Chlamydia trachomatis-Kensuke Shima"
"Kenya"	" 196"	"Kenya"
"Kinfgfisher isolation"	"   6"	"KingFisher isolation"
"KingFisherDuo"	"  18"	"KingFisher Duo"
"Kiribati"	"   4"	"Kiribati"
"Klebsia"	"  12"	"Klebsiella pneumoniae"
"Klebsiella"	"  87"	"Klebsiella pneumoniae"
"Klinik"	"   6"	"Clinic"
"Klinik Auftrag"	"   7"	"Order Clinic"
"Klinik-Auftrag"	"  27"	"Order Clinic"
"Knobloch"	"  10"	"Knobloch"
"Köln"	" 186"	"Köln"
"kommensale Bakterien"	"   6"	"Commensal Bacteria"
"Kongo"	"  76"	"Congo"
"Kosakonia"	"  10"	"Kosakonia"
"Kroatien"	"   2"	"Croatia"
"Kyrgyzstan"	"  30"	"Kyrgyzstan"
"Lambarene"	" 452"	"Lambarene"
"Legionella Annelies Yinkernagel"	"   1"	"Legionella-Annelies Yinkernagel"
"Legionella Hugo Sax"	"  20"	"Legionella-Hugo Sax"
"Legionella pneumophila"	"   2"	"Legionella pneumophila"
"Legionella Zürich"	"   3"	"Legionella-Zurich"
"Leila"	"   5"	"Leila"
"LGL Bayern"	"   6"	"LGL Bayern"
"Lima"	"   2"	"Lima"
"Lineage 2 transcriptome"	"  12"	"Lineage 2-transcriptome"
"Linezolid"	"  29"	"Linezolid"
"London panel-NTM-Vlad"	"  11"	"London panel-NTM-Vlad"
"Longdrug"	"   1"	"LongDrug"
"LongDrug"	"  22"	"LongDrug"
"low freq"	"   3"	"Low Freq"
"Low TSCA Test"	"  28"	"Low TSCA-test"
"LT Muts"	" 394"	"LT-MUTS"
"LT-23 Mutants"	"  26"	"LT23-MUTS"
"LT22_Muts"	"  70"	"LT22-MUTS"
"LT23_Muts"	"  64"	"LT23-MUTS"
"Lysate"	"  42"	"Lysate"
"M. abscessus"	"  59"	"Mycobacterium abscessus"
"M. abscessus Borstel"	"   5"	"Mycobacterium abscessus-Borstel"
"M. abscessus Essen"	"  17"	"Mycobacterium abscessus-Essen"
"M. avium Schwestern"	"   2"	"Mycobacterium avium-Schwestern"
"M. basiliense"	"   1"	"Mycobacterium basiliense"
"M. bovis"	"   1"	"Mycobacterium bovis"
"M. canetti"	"   7"	"Mycobacterium canettii"
"M. chelonae diversity"	" 101"	"Mycobacterium chelonae-diversity"
"M. chimaera"	"  14"	"Mycobacterium chimaera"
"M. Chimaera"	" 194"	"Mycobacterium chimaera"
"M. chimaera Dresden"	"   1"	"Mycobacterium chimaera-Dresden"
"M. chimaera HCU (Uni Gießen)"	"   2"	"Mycobacterium chimaera-HCU (UNI GIEßEN)"
"M. chimaera population"	"   6"	"Mycobacterium chimaera-population"
"M. chimaera Wetzstein"	"   1"	"Mycobacterium chimaera-Wetzstein"
"M. chimaera_Wagner_Braun"	"   1"	"Mycobacterium chimaera-Wagner-Braun"
"M. fortuitum"	"  10"	"Mycobacterium fortuitum"
"M. Fortuitum"	"   2"	"Mycobacterium fortuitum"
"M. fortuitum contamination"	"   2"	"Mycobacterium fortuitum-contamination"
"M. fortuitum sequential isolates from patient with wound infection after hearth transplant"	"   3"	"Mycobacterium fortuitum-sequential isolates from patient with wound infection after hearth transplant"
"M. intercelullare"	"  12"	"Mycobacterium intracellulare"
"M. Microti Borstel"	"   8"	"Mycobacterium microti-Borstel"
"M. Microti/NGS"	"   3"	"Mycobacterium microti-NGS"
"M. smegmatis - Transposon"	"  23"	"Mycobacterium smegmatis-Transposon"
"M. smegmatis mc2 155"	"   1"	"Mycobacterium smegmatis-MC2 155"
"M. szulgai_check"	"   1"	"Mycobacterium szulgai-check"
"M. Tb."	"   1"	"Mycobacterium tuberculosis"
"M. tuberculosis"	"  65"	"Mycobacterium tuberculosis"
"M. vulneris outbreak"	"  55"	"Mycobacterium vulneris-outbreak"
"M.abscessus"	"  97"	"Mycobacterium abscessus"
"M.avium"	"   6"	"Mycobacterium avium"
"M.avium Berlin"	"   5"	"Mycobacterium avium-Berlin"
"M.bovis"	"  24"	"Mycobacterium bovis"
"M.bovis NGS"	"  77"	"Mycobacterium bovis-NGS"
"M.bovis/bovis"	"   1"	"Mycobacterium bovis-bovis"
"M.bovis/caprae"	"   1"	"Mycobacterium bovis-caprae"
"M.canettii"	"  10"	"Mycobacterium canettii"
"M.chimaera"	"  37"	"Mycobacterium chimaera"
"M.Chimaera"	"  17"	"Mycobacterium chimaera"
"M.chimaera / Auftrag-Klinik"	"   1"	"Mycobacterium chimaera-Order Clinic"
"M.chimaera NGS"	"   5"	"Mycobacterium chimaera-NGS"
"M.chimaera Projekt"	"   3"	"Mycobacterium chimaera-project"
"M.chimaera Variation"	"   1"	"Mycobacterium chimaera-variation"
"M.chimaera/Auftrag"	"   1"	"Mycobacterium chimaera-Order NRZ"
"M.chimaeraZahnarzt"	"   3"	"Mycobacterium chimaera-Zahnarzt"
"M.fortuitum"	"   2"	"Mycobacterium fortuitum"
"M.intracellulare complex"	"   1"	"Mycobacterium intracellulare-complex"
"M.kansasii"	"   1"	"Mycobacterium kansasii"
"M.simiae Ludwig Sedlacek"	"   3"	"Mycobacterium simiae-Ludwig Sedlacek"
"M.Tb."	"  10"	"Mycobacterium tuberculosis"
"M.tuberculosis"	"   1"	"Mycobacterium tuberculosis"
"Mabs RNAseq test"	"   2"	"MABS RNASEQ test"
"Macrophage Infection RNA"	"  27"	"Macrophage infection RNA"
"MagicPrep Tecan Celero EZ DNA-Seq"	"   8"	"Tecan Celero EZ DNA-Seq MagicPrep"
"Maha Farhat South Africa"	" 653"	"South Africa-Maha Farhat"
"Mailand"	"  12"	"Milan"
"Malavi Rapaed"	"  47"	"RaPaed-Malawi "
"Maputo"	" 392"	"Maputo"
"Maputo (für Matthias)"	"   1"	"Maputo (FÜR MATTHIAS)"
"Marcel Behr defined mutants"	"  23"	"Marcel Behr-defined MUTS"
"Mchimaera"	"  10"	"Mycobacterium chimaera"
"MDR"	" 169"	"MDR"
"MDR Colombia"	" 126"	"MDR Colombia"
"MDR Deutschland"	"   3"	"MDR Germany"
"MDR Kinshasa"	" 325"	"MDR Kinshasa"
"MDR-TB Seq net: Eswatini"	" 198"	"MDR-TB SEQ NET-Eswatini"
"MDR1996"	"   1"	"MDR1996"
"MDR1997"	"   1"	"MDR1997"
"MDR2001"	"   1"	"MDR2001"
"MDR2004"	"   2"	"MDR2004"
"MDR2012"	"   1"	"MDR2012"
"MDR2012-2013"	" 116"	"MDR2012-2013"
"MDR2020_Serbia"	"   9"	"MDR2020-Serbia"
"Med TP0 1"	"   1"	"MED TP0 1"
"Med TP0 2"	"   1"	"MED TP0 2"
"Med TP0 3"	"   1"	"MED TP0 3"
"Med TP0 4"	"   1"	"MED TP0 4"
"Med TP0 5"	"   1"	"MED TP0 5"
"Med TP1 1"	"   1"	"MED TP1 1"
"Med TP1 2"	"   1"	"MED TP1 2"
"Med TP1 3"	"   1"	"MED TP1 3"
"Med TP1 4"	"   1"	"MED TP1 4"
"Med TP1 5"	"   1"	"MED TP1 5"
"Med TP2 1"	"   1"	"MED TP2 1"
"Med TP2 2"	"   1"	"MED TP2 2"
"Med TP2 3"	"   1"	"MED TP2 3"
"Med TP2 4"	"   1"	"MED TP2 4"
"Med TP2 5"	"   1"	"MED TP2 5"
"Med TP3 1"	"   1"	"MED TP3 1"
"Med TP3 2"	"   1"	"MED TP3 2"
"Med TP3 3"	"   1"	"MED TP3 3"
"Med TP3 4"	"   1"	"MED TP3 4"
"Med TP3 5"	"   1"	"MED TP3 5"
"MFX Mutants"	"  50"	"MFX-MUTS"
"MG Koellschen"	"   8"	"MG Koellschen"
"MGIT"	"   4"	"MGIT"
"MGIT - Sediment"	"   8"	"MGIT-Sediment"
"MGIT (NRZ)"	"  18"	"MGIT (NRZ)"
"MGIT-Sediment"	"  21"	"MGIT-Sediment"
"Michael Rasmussen"	"  24"	"MICHAEL Michael Rasmussen"
"MinION Johanna"	"   6"	"MinION-Johanna"
"Mint_animals"	"   4"	"MINT-Animals"
"Mint_MVZ_Rosenboom"	"   3"	"MINT-MVZ-Rosenboom"
"Mischkultur"	"   6"	"Mischkultur"
"MolBio"	"  32"	"MolBio"
"Moldova"	"  49"	"Moldova"
"Moldova_CARE"	" 478"	"Moldova-CARE"
"Moldova_MDR"	" 327"	"Moldova-MDR"
"Moldova_VCM"	"  48"	"Moldova-VCM"
"MOMA CF"	"  25"	"MOMA-CF"
"MOMA-CF"	" 100"	"MOMA-CF"
"Morocco-HBenhassou"	"  70"	"Morocco-HBenhassou"
"Mozambique Rapaed"	"  48"	"RaPaed-Mozambique "
"Münster"	"   2"	"Münster"
"Musiolik training 2023"	"  15"	"Musiolik-training 2023"
"MUT2003"	"   1"	"MUTS-2003"
"Mycobacterium abscessus"	"  43"	"Mycobacterium abscessus"
"Mycobacterium bovis"	"  32"	"Mycobacterium bovis"
"Mycobacteruim species"	"   1"	"Mycobacterium spp."
"N"	"   1"	"N"
"N. meningitidis"	"   2"	"Neisseria meningitidis"
"Namibia"	" 681"	"Namibia"
"Namibia_NIP"	"  34"	"Namibia-NIP"
"NGS Andere"	"   9"	"NGS-Andere"
"NGS library kit comparison"	"  74"	"NGS-library kit comparison"
"NGS Training"	"   8"	"NGS-training"
"NGS-Andere"	"  37"	"NGS-Andere"
"NGS-Antwerpen"	"   1"	"NGS-Antwerp"
"NGS-Auftrag"	"   2"	"Order NRZ"
"Niros"	"  12"	"Niros"
"Norbert Reiling"	"   9"	"Norbert Reiling"
"NRL deeplex"	"  67"	"Deeplex-NRL"
"NRZ"	"   1"	"NRZ"
"NRZ Auftrag"	"   3"	"Order NRZ"
"NRZ Auftrag Armenien"	"  20"	"Armenia"
"NRZ routine"	" 105"	"NRZ Routine"
"NRZ routine study"	"  70"	"NRZ Routine Study"
"NRZ Routine Study"	"   5"	"NRZ Routine Study"
"NRZ- Auftrag"	"   7"	"Order NRZ"
"NRZ-Auftrag"	" 119"	"Order NRZ"
"NTM Frankfurt"	"  68"	"NTM-Frankfurt"
"NTM panel"	"   2"	"NTM-Panel"
"NTM-Frankfurt"	"   4"	"NTM-Frankfurt"
"Ntmscope"	"  75"	"NTMscope"
"NTMscope"	"  90"	"NTMscope"
"NTMScope"	" 323"	"NTMscope"
"NTMSCOPE"	" 387"	"NTMscope"
"nuebel"	"   1"	"Nuebel"
"Nuebel"	"  36"	"Nuebel"
"nukus"	"  39"	"Nukus"
"Nukus"	" 280"	"Nukus"
"nukusneu"	"   2"	"Nukus-neu"
"Nürnberg"	" 102"	"Nürnberg"
"Olena"	" 148"	"Olena"
"Optimierung 8Euro Library"	"   8"	"8Euro Library-optimization"
"Optimization DNA extraction NRZ"	"   4"	"NRZ-Optimization DNA extraction"
"Optimization of 16S rRNA amplicon sequencing"	"  53"	"16S rRNA Amplicon-sequencing optimization"
"Orientia tsutsugamushi"	"   4"	"Orientia tsutsugamushi"
"Oslo outbreak"	"   3"	"Oslo outbreak"
"P. aeruginosa"	"   2"	"Pseudomonas aeruginosa"
"PA MICs ITM"	"  24"	"PA MICs ITM"
"Pakistan2020"	" 101"	"Pakistan 2020"
"PARADIGM4TB"	" 660"	"PARADIGM4TB"
"PAS-Selektionsklon"	"   4"	"PAS-Selektionsklon"
"Patient"	"  14"	"patient"
"Patient M/XDR Development"	"  34"	"Patient M-XDR development"
"PCR-free library prep test"	"  34"	"PCR-free library prep test"
"PEG-S.maltophilia"	" 421"	"Stenotrophomonas maltophilia-PEG"
"Peru"	"  81"	"Peru"
"Phagenprojekt"	"  14"	"Phagen project"
"PHD work"	"  12"	"PHD WORK"
"pilot study pakistan"	"  25"	"Pilot study-Pakistan"
"pknL mutants"	"  10"	"pknL-MUTS"
"Plasmids NTM"	"   1"	"NTM-Plasmids"
"Plate-1-Beijing 100-32"	"  94"	"PLATE-1-Beijing 100-32"
"Plate-2-Beijing 100-32"	"  87"	"PLATE-2-Beijing 100-32"
"Plate-3-94-32"	"  28"	"PLATE-3-94-32"
"PMA-Test"	"  25"	"PMA-test"
"Pretomanid"	"   3"	"Pretomanid"
"Pretonamid"	"  10"	"Pretomanid"
"PS-Kansasii"	" 388"	"Mycobacterium kansasii-PS"
"Quality Control panel"	"  16"	"Quality Control panel"
"Quality Control panel 2017"	"  12"	"Quality Control panel 2017"
"Quality Control panel 2018"	"  15"	"Quality Control panel 2018"
"Quality Control panel 2019"	"  10"	"Quality Control panel 2019"
"Quality Control panel 2020"	"  10"	"Quality Control panel 2020"
"Quality Control panel 2021"	"  20"	"Quality Control panel 2021"
"Quality Control panel 2022"	"  16"	"Quality Control panel 2022"
"Quality Control panel 2023"	"  10"	"Quality Control panel 2023"
"Quality_strain"	"   4"	"Quality-strain"
"Quick Gene Mini isolation"	"   3"	"Quick Gene Mini isolation"
"R 01 TB Botswana_sputum_DNA"	"1701"	"R 01 TB Botswana-sputum DNA"
"Rapaed"	"  24"	"RaPaed"
"RaPaed"	" 120"	"RaPaed"
"RaPaed-Studie"	"  51"	"RaPaed-Study"
"RaPead"	"   3"	"RaPaed"
"Rasmussen"	"  12"	"Michael Rasmussen"
"Recurrent TB"	"   1"	"Recurrent TB"
"Ref. Ko"	"   1"	"Reference collection"
"Ref. Kol."	"   1"	"Reference collection"
"Ref.ko."	"   1"	"Reference collection"
"reference"	"   2"	"Reference collection"
"Reference"	"   1"	"Reference collection"
"Referenzkoll."	"  68"	"Reference collection"
"Referenzkollektion"	"   2"	"Reference collection"
"Reiling-H37Rv"	"   6"	"H37Rv-Reiling"
"Resi"	"1988"	"RESI"
"Resi2001"	"   3"	"RESI2001"
"Resi2005"	"   4"	"RESI2005"
"Resi2006"	"   1"	"RESI2006"
"Resi2007"	"   2"	"RESI2007"
"Resi2009"	"   2"	"RESI2009"
"Resi2011"	"   2"	"RESI2011"
"Resi2012"	"   3"	"RESI2012"
"Resi2013"	"   4"	"RESI2013"
"Resistome Haemophilus strains"	" 453"	"Haemophilus strains-Resistome"
"Resistome strains"	"  19"	"Resistome strains"
"Revelo DNA-Seq Enz for MagicPrep"	"  16"	"Revelo DNA-Seq Enz for MagicPrep"
"Rickettsia typhi"	"   1"	"Rickettsia typhi"
"Rif"	"   4"	"RIF"
"RIF EMB TP2 1"	"   1"	"RIF EMB TP2 1"
"RIF EMB TP2 2"	"   1"	"RIF EMB TP2 2"
"RIF EMB TP2 3"	"   1"	"RIF EMB TP2 3"
"RIF EMB TP2 4"	"   1"	"RIF EMB TP2 4"
"RIF EMB TP2 5"	"   1"	"RIF EMB TP2 5"
"RIF EMB TP3 1"	"   1"	"RIF EMB TP3 1"
"RIF EMB TP3 2"	"   1"	"RIF EMB TP3 2"
"RIF EMB TP3 3"	"   1"	"RIF EMB TP3 3"
"RIF EMB TP3 4"	"   1"	"RIF EMB TP3 4"
"RIF EMB TP3 5"	"   1"	"RIF EMB TP3 5"
"RIF TP1 1"	"   1"	"RIF TP1 1"
"RIF TP1 2"	"   1"	"RIF TP1 2"
"RIF TP1 3"	"   1"	"RIF TP1 3"
"RIF TP1 4"	"   1"	"RIF TP1 4"
"RIF TP1 5"	"   1"	"RIF TP1 5"
"ring trial"	"  21"	"Ring trial"
"Ringversuch"	"  10"	"Ring trial"
"RNAs Sven"	"  12"	"Sven-RNAs"
"Romania-MNI"	"   2"	"Romania-MNI"
"Rumänien"	"  19"	"Romania"
"Rumänien NGS"	"  36"	"Romania NGS"
"S"	"   7"	"S"
"S. Africa INH mutant"	"  42"	"South Africa-INH MUTS"
"S. Aureus"	"   2"	"Staphylococcus aureus"
"S. epidermidis"	"  12"	"Staphylococcus epidermidis"
"S. maltophilia"	"  89"	"Stenotrophomonas maltophilia"
"S. maltophilia Experimental evolution in in vitro lung epithelium biofilm model"	"  33"	"Stenotrophomonas maltophilia-experimental evolution in in vitro lung epithelium biofilm model"
"S. maltophilia patients"	" 522"	"Stenotrophomonas maltophilia-patient"
"S.acidaminiphilia"	"   1"	"Stenotrophomonas acidaminiphila"
"S.humi"	"   1"	"S. humi"
"S.koreensis"	"   1"	"Sphingomonas koreensis"
"S.maltophilia"	"  98"	"Stenotrophomonas maltophilia"
"S.nitritireducens"	"   1"	"Stenotrophomonas nitritireducens"
"S.rhizophilia"	"   3"	"Stenotrophomonas rhizophila"
"S.terrae"	"   1"	"S. terrae"
"S3 strains"	"   4"	"S3 strains"
"Sakai"	"   1"	"Sakai"
"Sambia"	"   2"	"Zambia"
"Sarah Lepuschitz"	"   4"	"Sarah Lepuschitz"
"Sarah Sengstake"	"  62"	"Sarah Sengstake"
"Saudi-Arabien"	" 225"	"Saudi Arabia"
"Schleswig-Holstein"	"   8"	"Schleswig-Holstein"
"Schorpp für Lindsey"	"   3"	"Schorpp-for Lindsey"
"Sediment-MGIT"	"   5"	"MGIT-Sediment"
"Sekretom"	"  47"	"Sekretom"
"Selektionsklon P22-42"	"   4"	"Selektionsklon P22-42"
"Selektionsklon Silke"	"   1"	"Selektionsklon Silke"
"Selektionsklone"	"   5"	"Selektionsklon"
"Selektionsklone Silke"	"  54"	"Selektionsklon Silke"
"Senegal"	"  76"	"Senegal"
"Senegal_Awa"	"  29"	"Senegal-AWA"
"SeqMDRTB_Net"	" 262"	"SeqMDRTB-NET"
"SeqMDRTB_NET:Mozambique"	"1028"	"SeqMDRTB-NET-Mozambique"
"Serbia"	"  20"	"Serbia"
"Serratia"	"   2"	"Serratia"
"SH"	"   5"	"SH"
"shotgun Matthias"	"   6"	"Shotgun-Matthias"
"shotgun metagenom"	"  78"	"Shotgun metagenome"
"Shotgun metagenom"	"   3"	"Shotgun metagenome"
"Shotgun metagenomics from low biomss samples"	"   6"	"Shotgun metagenomeICS FROM LOW BIOMSS SAMPLES"
"Sierra Leone"	" 462"	"Sierra Leone"
"SL-FIND"	"   3"	"SL-FIND"
"South Africa"	"  36"	"South Africa"
"Species check"	"   3"	"Species check"
"Speichel beads"	"   2"	"Speichel beads"
"sputum"	"   4"	"Sputum"
"Sputum NEB Enrichment"	"   4"	"Sputum-NEB Enrichment"
"sputum pilot study"	"  29"	"Sputum-pilot study"
"Stämme Diagnostik Lübeck"	" 237"	"Stämme Diagnostic-Lübeck"
"Staphylococcus epidermidis"	"   8"	"Staphylococcus epidermidis"
"stehen im MiSeq-Fach"	"   3"	"Stehen im MiSeq-Fach"
"Steno"	" 123"	"Stenotrophomonas spp."
"Stenotrophomonas"	"   2"	"Stenotrophomonas spp."
"Stenotrophomonas maltophilia K279a"	"   9"	"Stenotrophomonas maltophilia-K279A"
"Stenotrophomonas sp."	"   1"	"Stenotrophomonas spp."
"stool diagnostic"	"   2"	"Stool diagnostic"
"Stool samples"	" 106"	"Stool samples"
"stopTTH"	" 214"	"stopTTH"
"StopTTH"	" 354"	"stopTTH"
"Studie BCD"	"  15"	"Study BCD"
"Stuhl Proben Klinik"	"  21"	"Stuhl Proben Clinic"
"Stuttgart MUT"	"   3"	"Stuttgart-MUTS"
"Sudan"	"   4"	"Sudan"
"Sudan_Yassir"	"   8"	"Sudan-Yassir"
"Susanne 49-02"	"  12"	"Susanne 49-02"
"swabs_Botswana2023"	" 853"	"SWABS-Botswana 2023"
"swabs_Botswana2024"	"   3"	"SWABS-Botswana 2023"
"swabs_Botswana2025"	"   1"	"SWABS-Botswana 2023"
"swabs_Botswana2026"	"   1"	"SWABS-Botswana 2023"
"swabs_Botswana2027"	"   1"	"SWABS-Botswana 2023"
"swabs_Botswana2028"	"   1"	"SWABS-Botswana 2023"
"swabs_Botswana2029"	"   1"	"SWABS-Botswana 2023"
"swabs_Botswana2030"	"  89"	"SWABS-Botswana 2023"
"swabs_Botswana2031"	"   1"	"SWABS-Botswana 2023"
"swabs_Botswana2032"	"   1"	"SWABS-Botswana 2023"
"swabs_Botswana2033"	"   1"	"SWABS-Botswana 2023"
"swabs_Botswana2034"	"   1"	"SWABS-Botswana 2023"
"swabs_Botswana2035"	"   1"	"SWABS-Botswana 2023"
"swabs_Botswana2036"	"   1"	"SWABS-Botswana 2023"
"swabs_Botswana2037"	"   1"	"SWABS-Botswana 2023"
"swabs_Botswana2038"	"   1"	"SWABS-Botswana 2023"
"swabs_Botswana2039"	"   1"	"SWABS-Botswana 2023"
"swabs_Botswana2040"	"   1"	"SWABS-Botswana 2023"
"swabs_Botswana2041"	"   1"	"SWABS-Botswana 2023"
"swabs_Botswana2042"	"   1"	"SWABS-Botswana 2023"
"swabs_Botswana2043"	"   1"	"SWABS-Botswana 2023"
"swabs_Botswana2044"	"   1"	"SWABS-Botswana 2023"
"swabs_Botswana2045"	"   1"	"SWABS-Botswana 2023"
"swabs_Botswana2046"	"   1"	"SWABS-Botswana 2023"
"swabs_Botswana2047"	"   1"	"SWABS-Botswana 2023"
"swabs_Botswana2048"	"   1"	"SWABS-Botswana 2023"
"swabs_Botswana2049"	"   1"	"SWABS-Botswana 2023"
"swabs_Botswana2050"	"   1"	"SWABS-Botswana 2023"
"swabs_Botswana2051"	"   1"	"SWABS-Botswana 2023"
"swabs_Botswana2052"	"   1"	"SWABS-Botswana 2023"
"swabs_Botswana2053"	"   1"	"SWABS-Botswana 2023"
"swabs_Botswana2054"	"   1"	"SWABS-Botswana 2023"
"swabs_Botswana2055"	"   1"	"SWABS-Botswana 2023"
"swabs_Botswana2056"	"   1"	"SWABS-Botswana 2023"
"swabs_Botswana2057"	"   1"	"SWABS-Botswana 2023"
"swabs_Botswana2058"	"   1"	"SWABS-Botswana 2023"
"swabs_Botswana2059"	"   1"	"SWABS-Botswana 2023"
"swabs_Botswana2060"	"   1"	"SWABS-Botswana 2023"
"swabs_Botswana2061"	"   1"	"SWABS-Botswana 2023"
"swabs_Botswana2062"	"   1"	"SWABS-Botswana 2023"
"swabs_Botswana2063"	"   1"	"SWABS-Botswana 2023"
"swabs_Botswana2064"	"   1"	"SWABS-Botswana 2023"
"swabs_Botswana2065"	"   1"	"SWABS-Botswana 2023"
"swabs_Botswana2066"	"   1"	"SWABS-Botswana 2023"
"swabs_Botswana2067"	"   1"	"SWABS-Botswana 2023"
"swabs_Botswana2068"	"   1"	"SWABS-Botswana 2023"
"swabs_Botswana2069"	"   1"	"SWABS-Botswana 2023"
"swabs_Botswana2070"	"   1"	"SWABS-Botswana 2023"
"swabs_Botswana2071"	"   1"	"SWABS-Botswana 2023"
"swabs_Botswana2072"	"   1"	"SWABS-Botswana 2023"
"swabs_Botswana2073"	"   1"	"SWABS-Botswana 2023"
"swabs_Botswana2074"	"   1"	"SWABS-Botswana 2023"
"swabs_Botswana2075"	"   1"	"SWABS-Botswana 2023"
"swabs_Botswana2076"	"   1"	"SWABS-Botswana 2023"
"swabs_Botswana2077"	"   1"	"SWABS-Botswana 2023"
"swabs_Botswana2078"	"   1"	"SWABS-Botswana 2023"
"swabs_Botswana2079"	"   1"	"SWABS-Botswana 2023"
"swabs_Botswana2080"	"   1"	"SWABS-Botswana 2023"
"swabs_Botswana2081"	"   1"	"SWABS-Botswana 2023"
"swabs_Botswana2082"	"   1"	"SWABS-Botswana 2023"
"swabs_Botswana2083"	"   1"	"SWABS-Botswana 2023"
"swabs_Botswana2084"	"   1"	"SWABS-Botswana 2023"
"swabs_Botswana2085"	"   1"	"SWABS-Botswana 2023"
"swabs_Botswana2086"	"   1"	"SWABS-Botswana 2023"
"swabs_Botswana2087"	"   1"	"SWABS-Botswana 2023"
"swabs_Botswana2088"	"   1"	"SWABS-Botswana 2023"
"swabs_Botswana2089"	"   1"	"SWABS-Botswana 2023"
"swabs_Botswana2090"	"   1"	"SWABS-Botswana 2023"
"swabs_Botswana2091"	"   1"	"SWABS-Botswana 2023"
"swabs_Botswana2092"	"   1"	"SWABS-Botswana 2023"
"swabs_Botswana2093"	"   1"	"SWABS-Botswana 2023"
"swabs_Botswana2094"	"   1"	"SWABS-Botswana 2023"
"swabs_Botswana2095"	"   1"	"SWABS-Botswana 2023"
"swabs_Botswana2096"	"   1"	"SWABS-Botswana 2023"
"swabs_Botswana2097"	"   1"	"SWABS-Botswana 2023"
"swabs_Botswana2098"	"   1"	"SWABS-Botswana 2023"
"swabs_Botswana2099"	"   1"	"SWABS-Botswana 2023"
"swabs_Botswana2100"	"   1"	"SWABS-Botswana 2023"
"swabs_Botswana2101"	"   1"	"SWABS-Botswana 2023"
"swabs_Botswana2102"	"   1"	"SWABS-Botswana 2023"
"swabs_Botswana2103"	"   1"	"SWABS-Botswana 2023"
"swabs_Botswana2104"	"   1"	"SWABS-Botswana 2023"
"swabs_Botswana2105"	"   1"	"SWABS-Botswana 2023"
"swabs_Botswana2106"	"   1"	"SWABS-Botswana 2023"
"swabs_Botswana2107"	"   1"	"SWABS-Botswana 2023"
"swabs_Botswana2108"	"   1"	"SWABS-Botswana 2023"
"swabs_Botswana2109"	"   1"	"SWABS-Botswana 2023"
"swabs_Botswana2110"	"   1"	"SWABS-Botswana 2023"
"swabs_Botswana2111"	"   1"	"SWABS-Botswana 2023"
"swabs_Botswana2112"	"   1"	"SWABS-Botswana 2023"
"swabs_Botswana2113"	"   1"	"SWABS-Botswana 2023"
"swabs_Botswana2114"	"   1"	"SWABS-Botswana 2023"
"swabs_Botswana2115"	"   1"	"SWABS-Botswana 2023"
"swabs_Botswana2116"	"   1"	"SWABS-Botswana 2023"
"swabs_Botswana2117"	"   1"	"SWABS-Botswana 2023"
"swabs_Botswana2118"	"   1"	"SWABS-Botswana 2023"
"swabs_Botswana2119"	"   1"	"SWABS-Botswana 2023"
"swabs_Botswana2120"	"   1"	"SWABS-Botswana 2023"
"swabs_Botswana2121"	"   1"	"SWABS-Botswana 2023"
"swabs_Botswana2122"	"   1"	"SWABS-Botswana 2023"
"swabs_Botswana2123"	"   1"	"SWABS-Botswana 2023"
"swabs_Botswana2124"	"   1"	"SWABS-Botswana 2023"
"swabs_Botswana2125"	"   1"	"SWABS-Botswana 2023"
"Swaziland"	" 291"	"Eswatini"
"Tansania"	"  95"	"Tanzania"
"Tanzania"	"  21"	"Tanzania"
"Tanzania-BMutayoba"	"  50"	"Tanzania-BMutayoba"
"TB portal"	" 339"	"TB-Portal"
"TB Portal Georgia"	" 285"	"TB-Portal Georgia"
"TB Portal Mexico"	" 193"	"TB-Portal Mexico"
"TB Portal Nigeria"	"  29"	"TB-Portal Nigeria"
"TB Portal Romania"	" 142"	"TB-Portal Romania"
"TB SeqDisk"	"  70"	"TB-SeqDisK"
"TB Sequel Süd Afrika"	" 255"	"TB-Sequel South Africa"
"TB Sequel Tanzania"	" 173"	"TB-Sequel Tanzania"
"TB-Amazon Colombia"	"  97"	"TB-Amazon Colombia"
"TB-Portal Belarus"	"1042"	"TB-Portal Belarus"
"TB-Portal Congo"	"  26"	"TB-Portal Congo"
"TB-Portal Georgia"	"1192"	"TB-Portal Georgia"
"TB-Portal Georgien"	"1428"	"TB-Portal Georgia"
"TB-Portal Kazakhstan"	"1618"	"TB-Portal Kazakhstan"
"TB-Portal Mexico"	"  26"	"TB-Portal Mexico"
"TB-Portal Moldova"	" 485"	"TB-Portal Moldova"
"TB-Portal Nigeria"	"  30"	"TB-Portal Nigeria"
"TB-Portal Romania"	" 211"	"TB-Portal Romania"
"TB-Portal Ukraine"	"3602"	"TB-Portal Ukraine"
"TB-SeqDisK"	"  46"	"TB-SeqDisK"
"TB-SeqDisK enrichment factor"	"  15"	"TB-SeqDisK enrichment factor"
"TB-Sequel Gambia"	" 372"	"TB-Sequel Gambia"
"TB-Sequel Mosambik"	" 348"	"TB-Sequel Mozambique"
"TB-Sequel SouthAfrica"	"  81"	"TB-Sequel South Africa"
"TB-Sequel Tanzania"	" 108"	"TB-Sequel Tanzania"
"TB-Sequel-South-Africa"	"   4"	"TB-Sequel South Africa"
"Tecan Celero EZ DNA-Seq Library prep"	" 123"	"Tecan Celero EZ DNA-Seq Library prep"
"Tecan MagicPrep NGS Library"	"   8"	"Tecan MagicPrep NGS Library"
"Test 8Euro Library"	"   2"	"8Euro Library-test"
"Thailand"	"   7"	"Thailand"
"Thomas"	"   2"	"Thomas"
"TierPathogene"	"   2"	"TierPathogene"
"TMW_DC_Mut_M3"	"   1"	"TMW-DC-MUTS-M3"
"TMW_H37_RR_check"	"   1"	"TMW-H37-RR-check"
"Training"	"  13"	"training"
"training Qatar and Olga (Deeplex)"	"   4"	"Training Qatar and Olga (Deeplex)"
"training Qatar and Olga (LT Muts)"	"   1"	"Training Qatar and Olga (LT-MUTS)"
"training Qatar and Olga (Quality Control)"	"  20"	"Training Qatar and Olga (Quality Control)"
"TSCA Test"	"  16"	"TSCA-test"
"TSCA Training"	"  12"	"TSCA-training"
"Tunesien"	"  66"	"Tunisia"
"TUNISIA"	"  13"	"Tunisia"
"Turk"	"  58"	"Turkey"
"Turk."	"   6"	"Turkey"
"Turkmenistan"	" 314"	"Turkmenistan"
"Turmenistan"	"   7"	"Turkmenistan"
"TW_DC_Mut"	"   2"	"TW-DC-MUTS"
"TW-LS_01_BDQ_Mut"	" 128"	"TW-LS-01-BDQ-MUTS"
"Tywa"	"  21"	"TYWA"
"Überstand-MGIT"	"   2"	"MGIT-Überstand"
"Übertragungsnachweis"	"   2"	"Übertragungsnachweis"
"Ukraine"	" 383"	"Ukraine"
"Ukraine2020"	" 860"	"Ukraine 2020"
"Ukraine2021"	"   1"	"Ukraine 2021"
"Ukraine2022"	"   1"	"Ukraine 2022"
"Ukraine2023"	"   1"	"Ukraine 2023"
"Ukrainian Mtb"	" 201"	"Mycobacterium tuberculosis-Ukraine "
"unknown project Doris Hillemann"	"   2"	"Doris Hillemann-unknown project"
"Uzbekistan"	"   9"	"Uzbekistan"
"UZL_rectal_swabs2023"	" 108"	"UZL-rectal swabs 2023"
"Vidhisha_mutants"	"   3"	"VIDHISHA-MUTS"
"Viola Mixe"	"   6"	"Viola Mixe"
"virus detection"	"   2"	"Virus detection"
"Vortex-Überst-MGIT"	"   2"	"MGIT-Vortex-Überst"
"W148"	"  87"	"W148"
"WHO panel Antweerpen"	"  12"	"WHO PANEL Antwerp"
"WHO panel Antwerpen"	"   7"	"WHO PANEL Antwerp"
"WIEN"	"  10"	"Vienna"
"WP2 WP4"	"  67"	"WP2 WP4"
"XDR"	"   1"	"XDR"
"XDR-Namibia"	"   3"	"XDR-Namibia"
"Yassir"	" 114"	"Yassir"
"Zymo-Seq"	"  19"	"Zymo-SEQ"
